12324404,43246060,1,of,1
Clayton,County,Water,Authority
1600,Battle,Creek,Road
Morrow,,Georgia,30260-4302
www.ccwa.us,(770),960-5200
MESSAGE,CENTER
Collect,fallen,leaves,in,bags,or,use,them,as,compost.
Don't,throw,them,down,a,storm,drain!,Leaf,build,up,can
cause,flooding,and,eventually,end,up,in,rivers,and
streams,contaminating,our,water,supply.
DRAFT,BILL
Please,refer,to,the,back,of,this,statement,for,our,payment,options,and,additional,information.
Account,Number,Name,Service,Address
12324404,WAGA,APARTMENTS,LLC,4735,COURTNEY,DR
Amount,From,Late,Charges,Balance,Current,Total,Amount
Previous,Bill,Added,Payments,Charges,Credits,Forward,Charges,Due
$2,747.61,$0.00,-$2,747.61,$0.00,$0.00,$0.00,$2,858.97,$2,858.97
Read,Dates,Meter,Reading,Usage,in,Reading
Bill,Date,Meter,Number,Previous,Present,Billing,Days,Reading,Type,Previous,Present,Thousands,Cycle
10/25/2023,0060935729,09/19/2023,10/18/2023,30,Actual,56952,57141,189,15
Amount,From,Previous,Bill,2747.61
PAYMENT,10/07/2023,-2747.61

,RATE,USAGE,CHARGES
Water,Base,56.19
Backflow,20.00
Water,Standard,6.75,189,1275.75
TOTAL,-,Water,Charges,1351.94
Sewer,Base,85.12
Sewer,Charge,7.17,189,1355.13
TOTAL,-,Sewer,Charges,1440.25
Stormwater,Charge,66.78
TOTAL,-,Storm,Water,Charges,66.78
CURRENT,CHARGES,2,858.97
TOTAL,AMOUNT,DUE,2,858.97
Usage,Information
0
100
200
300
400
500
600
U
sa
ge
,in
,T
ho
us
an
ds
,o
f,G
al
lo
ns
Oct,Nov,Dec,Jan,Feb,Mar,Apr,May,Jun,Jul,Aug,Sep,Oct
1,Year,Ago,Last,Month,This,Month
Total,1K,Gallons,171,181,189
Days,in,Billing,Period,32,31,30
10%,Late,Fee,added,if,current,charges,are,not,paid,by,11/14/23
*As,a,draft,customer,your,account,will,be,drafted,approximately,10,days,past,your,bill,date*A
Clayton,County,Water,Authority
1600,Battle,Creek,Road
Morrow,,Georgia,30260-4302
www.ccwa.us,(770),960-5200
,RETURN,SERVICE,REQUESTED
Scan,here
*12324404*
Account,Number,12324404
Past,Due,$0.00
Current,Charges,(due,by,11/14/2023),$2,858.97
Total,Amount,Due,$2,858.97
Payment,Amount
WAGA,APARTMENTS,LLC
4685,COURTNEY,DR
FOREST,PARK,,GA,30297
CLAYTON,COUNTY,WATER,AUTHORITY
P.O.,BOX,117195
ATLANTA,,GA,30368-7195
15123244040002858970003144879
